{"cameraMode":{"drawMode":0,"name":"Shaded","section":"Shading Mode"},"sceneLighting":true,"audioPlay":false,"sceneViewState":{"m_AlwaysRefresh":false,"showFog":true,"showSkybox":true,"showFlares":true,"showImageEffects":true,"showParticleSystems":true,"showVisualEffectGraphs":true,"m_FxEnabled":false},"in2DMode":false,"pivot":{"x":-2.3479108810424806,"y":3.7473623752593996,"z":-0.21045079827308656},"rotation":{"x":-0.1859993040561676,"y":0.08564098924398422,"z":-0.016280077397823335,"w":-0.9786953330039978},"size":7.835277557373047,"orthographic":false}